<?xml version="1.0" encoding="UTF-8" standalone="yes"?>
<addon id="plugin.program.arsonist" name="Arsonist Wizard" version="0.3.0" provider-name="da-arsonist.tk">
  <requires>
    <import addon="xbmc.python" version="2.1.0"/>
  </requires>
  <extension point="xbmc.python.pluginsource" library="default.py">
        <provides>program executable</provides>
  </extension>
  <extension point="xbmc.addon.metadata">
		<summary lang="en">Arsonist Wizard</summary>
		<description lang="en">In this wizard you will find the latest builds from Da Arsonist: HCappa</description>
		<disclaimer lang="en">Updates included are...</disclaimer>
		<forum></forum>
		<source>http://da-arsonist.tk/</source>
		<website>http://da-arsonist.tk/</website>
		<platform>all</platform>
	</extension>
</addon>
